,Year,Production,Author,Url
0,1948 | 2nd Tony Awards,Mister Roberts,Thomas Heggen & Joshua Logan,https://en.wikipedia.org/wiki/Mister_Roberts_(play)
1,1949 | 3rd Tony Awards,Death of a Salesman,Arthur Miller,https://en.wikipedia.org/wiki/Death_of_a_Salesman
2,1950 | 4th Tony Awards,The Cocktail Party,T.S. Eliot,https://en.wikipedia.org/wiki/The_Cocktail_Party
3,1951 | 5th Tony Awards,The Rose Tattoo,Tennessee Williams,https://en.wikipedia.org/wiki/The_Rose_Tattoo
4,1952 | 6th Tony Awards,The Fourposter,Jan de Hartog,https://en.wikipedia.org/wiki/The_Fourposter
5,1953 | 7th Tony Awards,The Crucible,Arthur Miller,https://en.wikipedia.org/wiki/The_Crucible
6,1954 | 8th Tony Awards,The Teahouse of the August Moon,John Patrick,https://en.wikipedia.org/wiki/The_Teahouse_of_the_August_Moon_(play)
7,1955 | 9th Tony Awards,The Desperate Hours,Joseph Hayes,https://en.wikipedia.org/wiki/The_Desperate_Hours_(play)
8,1956 | 10th Tony Awards,The Diary of Anne Frank,Frances Goodrich & Albert Hackett,https://en.wikipedia.org/wiki/The_Diary_of_Anne_Frank_(play)
9,1956 | 10th Tony Awards,Bus Stop,William Inge,https://en.wikipedia.org/wiki/Bus_Stop_(play)
10,1956 | 10th Tony Awards,Cat on a Hot Tin Roof,Tennessee Williams,https://en.wikipedia.org/wiki/Cat_on_a_Hot_Tin_Roof
11,1956 | 10th Tony Awards,Tiger at the Gates,Jean Giraudoux,https://en.wikipedia.org/wiki/Tiger_at_the_Gates
12,1956 | 10th Tony Awards,The Chalk Garden,Enid Bagnold,https://en.wikipedia.org/wiki/The_Chalk_Garden
13,1957 | 11th Tony Awards,Long Day's Journey into Night,Eugene O'Neill,https://en.wikipedia.org/wiki/Long_Day%27s_Journey_into_Night
14,1957 | 11th Tony Awards,Separate Tables,Terence Rattigan,https://en.wikipedia.org/wiki/Separate_Tables
15,1957 | 11th Tony Awards,The Potting Shed,Graham Greene,https://en.wikipedia.org/wiki/The_Potting_Shed
16,1957 | 11th Tony Awards,The Waltz of the Toreadors,Jean Anouilh,https://en.wikipedia.org/wiki/The_Waltz_of_the_Toreadors
17,1958 | 12th Tony Awards,Sunrise at Campobello,Dore Schary,https://en.wikipedia.org/wiki/Sunrise_at_Campobello_(play)
18,1958 | 12th Tony Awards,Look Back in Anger,John Osborne,https://en.wikipedia.org/wiki/Look_Back_in_Anger
19,1958 | 12th Tony Awards,"Look Homeward, Angel",Ketti Frings,"https://en.wikipedia.org/wiki/Look_Homeward,_Angel_(play)"
20,1958 | 12th Tony Awards,Romanoff and Juliet,Peter Ustinov,https://en.wikipedia.org/wiki/Romanoff_and_Juliet_(play)
21,1958 | 12th Tony Awards,The Dark at the Top of the Stairs,William Inge,https://en.wikipedia.org/wiki/The_Dark_at_the_Top_of_the_Stairs
22,1958 | 12th Tony Awards,The Rope Dancers,Morton Wishengrad,
23,1958 | 12th Tony Awards,Time Remembered,Jean Anouilh,
24,1958 | 12th Tony Awards,Two for the Seesaw,William Gibson,https://en.wikipedia.org/wiki/Two_for_the_Seesaw_(play)
25,1959 | 13th Tony Awards,J.B.,Archibald MacLeish,https://en.wikipedia.org/wiki/J.B._(play)
26,1959 | 13th Tony Awards,A Touch of the Poet,Eugene O'Neill,https://en.wikipedia.org/wiki/A_Touch_of_the_Poet
27,1959 | 13th Tony Awards,Epitaph for George Dillon,John Osborne,https://en.wikipedia.org/wiki/Epitaph_for_George_Dillon
28,1959 | 13th Tony Awards,The Disenchanted,Harvey Breit & Budd Schulberg,https://en.wikipedia.org/wiki/The_Disenchanted
29,1959 | 13th Tony Awards,The Visit,Friedrich Dürrenmatt,https://en.wikipedia.org/wiki/The_Visit_(play)
30,1960 | 14th Tony Awards,The Miracle Worker,William Gibson,https://en.wikipedia.org/wiki/The_Miracle_Worker_(play)
31,1960 | 14th Tony Awards,A Raisin in the Sun,Lorraine Hansberry,https://en.wikipedia.org/wiki/A_Raisin_in_the_Sun
32,1960 | 14th Tony Awards,The Best Man,Gore Vidal,https://en.wikipedia.org/wiki/The_Best_Man_(play)
33,1960 | 14th Tony Awards,The Tenth Man,Paddy Chayefsky,https://en.wikipedia.org/wiki/The_Tenth_Man_(Chayefsky_play)
34,1960 | 14th Tony Awards,Toys in the Attic,Lillian Hellman,https://en.wikipedia.org/wiki/Toys_in_the_Attic_(play)
35,1961 | 15th Tony Awards,Becket,Jean Anouilh,https://en.wikipedia.org/wiki/Becket
36,1961 | 15th Tony Awards,All the Way Home,Tad Mosel,https://en.wikipedia.org/wiki/All_the_Way_Home_(play)
37,1961 | 15th Tony Awards,The Devil's Advocate,Dore Schary,https://en.wikipedia.org/wiki/The_Devil%27s_Advocate_(Morris_West_novel)
38,1961 | 15th Tony Awards,The Hostage,Brendan Behan,https://en.wikipedia.org/wiki/The_Hostage_(play)
39,1962 | 16th Tony Awards,A Man for All Seasons,Robert Bolt,https://en.wikipedia.org/wiki/A_Man_for_All_Seasons
40,1962 | 16th Tony Awards,Gideon,Paddy Chayefsky,https://en.wikipedia.org/wiki/Gideon_(play)
41,1962 | 16th Tony Awards,The Caretaker,Harold Pinter,https://en.wikipedia.org/wiki/The_Caretaker
42,1962 | 16th Tony Awards,The Night of the Iguana,Tennessee Williams,https://en.wikipedia.org/wiki/The_Night_of_the_Iguana
43,1963 | 17th Tony Awards,Who's Afraid of Virginia Woolf?,Edward Albee,https://en.wikipedia.org/wiki/Who%27s_Afraid_of_Virginia_Woolf%3F
44,1963 | 17th Tony Awards,A Thousand Clowns,Herb Gardner,https://en.wikipedia.org/wiki/A_Thousand_Clowns
45,1963 | 17th Tony Awards,Mother Courage and Her Children,Bertolt Brecht,https://en.wikipedia.org/wiki/Mother_Courage_and_Her_Children
46,1963 | 17th Tony Awards,Tchin-Tchin,Sidney Michaels,https://en.wikipedia.org/wiki/Tchin-Tchin
47,1964 | 18th Tony Awards,Luther,John Osborne,https://en.wikipedia.org/wiki/Luther_(play)
48,1964 | 18th Tony Awards,Barefoot in the Park,Neil Simon,https://en.wikipedia.org/wiki/Barefoot_in_the_Park
49,1964 | 18th Tony Awards,Dylan,Sidney Michaels,https://en.wikipedia.org/wiki/Dylan_(1964_play)
50,1964 | 18th Tony Awards,The Ballad of the Sad Cafe,Edward Albee,https://en.wikipedia.org/wiki/The_Ballad_of_the_Sad_Cafe
51,1965 | 19th Tony Awards,The Subject Was Roses,Frank D. Gilroy,https://en.wikipedia.org/wiki/The_Subject_Was_Roses
52,1965 | 19th Tony Awards,Luv,Murray Schisgal,https://en.wikipedia.org/wiki/Luv_(play)
53,1965 | 19th Tony Awards,The Odd Couple,Neil Simon,https://en.wikipedia.org/wiki/The_Odd_Couple_(play)
54,1965 | 19th Tony Awards,Tiny Alice,Edward Albee,https://en.wikipedia.org/wiki/Tiny_Alice
55,1966 | 20th Tony Awards,Marat/Sade,Peter Weiss,https://en.wikipedia.org/wiki/Marat/Sade
56,1966 | 20th Tony Awards,Inadmissible Evidence,John Osborne,https://en.wikipedia.org/wiki/Inadmissible_Evidence
57,1966 | 20th Tony Awards,"Philadelphia, Here I Come!",Brian Friel,"https://en.wikipedia.org/wiki/Philadelphia,_Here_I_Come!"
58,1966 | 20th Tony Awards,The Right Honourable Gentleman,Michael Dyne,https://en.wikipedia.org/wiki/The_Right_Honourable_Gentleman
59,1967 | 21st Tony Awards,The Homecoming,Harold Pinter,https://en.wikipedia.org/wiki/The_Homecoming
60,1967 | 21st Tony Awards,A Delicate Balance,Edward Albee,https://en.wikipedia.org/wiki/A_Delicate_Balance_(play)
61,1967 | 21st Tony Awards,Black Comedy,Peter Shaffer,https://en.wikipedia.org/wiki/Black_Comedy_(play)
62,1967 | 21st Tony Awards,The Killing of Sister George,Frank Marcus,https://en.wikipedia.org/wiki/The_Killing_of_Sister_George
63,1968 | 22nd Tony Awards,Rosencrantz and Guildenstern Are Dead,Tom Stoppard,https://en.wikipedia.org/wiki/Rosencrantz_and_Guildenstern_Are_Dead
64,1968 | 22nd Tony Awards,A Day in the Death of Joe Egg,Peter Nichols,https://en.wikipedia.org/wiki/A_Day_in_the_Death_of_Joe_Egg
65,1968 | 22nd Tony Awards,Plaza Suite,Neil Simon,https://en.wikipedia.org/wiki/Plaza_Suite
66,1968 | 22nd Tony Awards,The Price,Arthur Miller,https://en.wikipedia.org/wiki/The_Price_(play)
67,1969 | 23rd Tony Awards,The Great White Hope,Howard Sackler,https://en.wikipedia.org/wiki/The_Great_White_Hope
68,1969 | 23rd Tony Awards,Hadrian VII,Peter Luke,https://en.wikipedia.org/wiki/Hadrian_VII
69,1969 | 23rd Tony Awards,Lovers,Brian Friel,https://en.wikipedia.org/wiki/Lovers_(play)
70,1969 | 23rd Tony Awards,The Man in the Glass Booth,Robert Shaw,https://en.wikipedia.org/wiki/The_Man_in_the_Glass_Booth
71,1970 | 24th Tony Awards,Borstal Boy,Frank McMahon,https://en.wikipedia.org/wiki/Borstal_Boy_(play)
72,1970 | 24th Tony Awards,Child's Play,Robert Marasco,https://en.wikipedia.org/wiki/Child%27s_Play_(play)
73,1970 | 24th Tony Awards,Indians,Arthur Kopit,https://en.wikipedia.org/wiki/Indians_(play)
74,1970 | 24th Tony Awards,The Last of the Red Hot Lovers,Neil Simon,https://en.wikipedia.org/wiki/The_Last_of_the_Red_Hot_Lovers
75,1971 | 25th Tony Awards,Sleuth,Anthony Shaffer,https://en.wikipedia.org/wiki/Sleuth_(play)
76,1971 | 25th Tony Awards,Home,David Storey,https://en.wikipedia.org/wiki/Home_(play)
77,1971 | 25th Tony Awards,Paul Sill's Story Theatre,Paul Sills,https://en.wikipedia.org/wiki/Paul_Sill%27s_Story_Theatre
78,1971 | 25th Tony Awards,The Philanthropist,Christopher Hampton,https://en.wikipedia.org/wiki/The_Philanthropist_(play)
79,1972 | 26th Tony Awards,Sticks and Bones,David Rabe,https://en.wikipedia.org/wiki/Sticks_and_Bones
80,1972 | 26th Tony Awards,Old Times,Harold Pinter,https://en.wikipedia.org/wiki/Old_Times
81,1972 | 26th Tony Awards,The Prisoner of Second Avenue,Neil Simon,https://en.wikipedia.org/wiki/The_Prisoner_of_Second_Avenue
82,1972 | 26th Tony Awards,Vivat! Vivat Regina!,Robert Bolt,https://en.wikipedia.org/wiki/Vivat!_Vivat_Regina!
83,1973 | 27th Tony Awards,That Championship Season,Jason Miller,https://en.wikipedia.org/wiki/That_Championship_Season
84,1973 | 27th Tony Awards,Butley,Simon Gray,https://en.wikipedia.org/wiki/Butley_(play)
85,1973 | 27th Tony Awards,The Changing Room,David Storey,https://en.wikipedia.org/wiki/The_Changing_Room
86,1973 | 27th Tony Awards,The Sunshine Boys,Neil Simon,https://en.wikipedia.org/wiki/The_Sunshine_Boys
87,1974 | 28th Tony Awards,The River Niger,Joseph A. Walker,https://en.wikipedia.org/wiki/The_River_Niger_(play)
88,1974 | 28th Tony Awards,In the Boom Boom Room,David Rabe,https://en.wikipedia.org/wiki/In_the_Boom_Boom_Room
89,1974 | 28th Tony Awards,The Au Pair Man,Hugh Leonard,
90,1974 | 28th Tony Awards,Ulysses in Nighttown,Marjorie Barkentin,https://en.wikipedia.org/wiki/Ulysses_in_Nighttown
91,1975 | 29th Tony Awards,Equus,Peter Shaffer,https://en.wikipedia.org/wiki/Equus_(play)
92,1975 | 29th Tony Awards,"Same Time, Next Year",Bernard Slade,"https://en.wikipedia.org/wiki/Same_Time,_Next_Year_(play)"
93,1975 | 29th Tony Awards,Seascape,Edward Albee,https://en.wikipedia.org/wiki/Seascape_(play)
94,1975 | 29th Tony Awards,Short Eyes,Miguel Pinero,https://en.wikipedia.org/wiki/Short_Eyes_(play)
95,1975 | 29th Tony Awards,Sizwe Banzi Is Dead / The Island,"Athol Fugard, John Kani & Winston Ntshona",https://en.wikipedia.org/wiki/The_Island_(play)
96,1975 | 29th Tony Awards,The National Health,Peter Nichols,https://en.wikipedia.org/wiki/The_National_Health_(play)
97,1976 | 30th Tony Awards,Travesties,Tom Stoppard,https://en.wikipedia.org/wiki/Travesties
98,1976 | 30th Tony Awards,Knock Knock,Jules Feiffer,https://en.wikipedia.org/wiki/Knock_Knock_(play)
99,1976 | 30th Tony Awards,Lamppost Reunion,Louis La Russo,
100,1976 | 30th Tony Awards,The First Breeze of Summer,Leslie Lee,
101,1977 | 31st Tony Awards,The Shadow Box,Michael Cristofer,https://en.wikipedia.org/wiki/The_Shadow_Box
102,1977 | 31st Tony Awards,For Colored Girls Who Have Considered Suicide When the Rainbow Is Enuf,Ntozake Shange,https://en.wikipedia.org/wiki/For_Colored_Girls_Who_Have_Considered_Suicide_When_the_Rainbow_Is_Enuf
103,1977 | 31st Tony Awards,Otherwise Engaged,Simon Gray,https://en.wikipedia.org/wiki/Otherwise_Engaged
104,1977 | 31st Tony Awards,Streamers,David Rabe,https://en.wikipedia.org/wiki/Streamers_(play)
105,1978 | 32nd Tony Awards,Da,Hugh Leonard,https://en.wikipedia.org/wiki/Da_(play)
106,1978 | 32nd Tony Awards,Chapter Two,Neil Simon,https://en.wikipedia.org/wiki/Chapter_Two_(play)
107,1978 | 32nd Tony Awards,Deathtrap,Ira Levin,https://en.wikipedia.org/wiki/Deathtrap_(play)
108,1978 | 32nd Tony Awards,The Gin Game,Donald L. Coburn,https://en.wikipedia.org/wiki/The_Gin_Game
109,1979 | 33rd Tony Awards,The Elephant Man,Bernard Pomerance,https://en.wikipedia.org/wiki/The_Elephant_Man_(play)
110,1979 | 33rd Tony Awards,Bedroom Farce,Alan Ayckbourn,https://en.wikipedia.org/wiki/Bedroom_Farce_(play)
111,1979 | 33rd Tony Awards,Whose Life Is It Anyway?,Brian Clark,https://en.wikipedia.org/wiki/Whose_Life_Is_It_Anyway%3F_(play)
112,1979 | 33rd Tony Awards,Wings,Arthur Kopit,https://en.wikipedia.org/wiki/Wings_(play)
113,1980 | 34th Tony Awards,Children of a Lesser God,Mark Medoff,https://en.wikipedia.org/wiki/Children_of_a_Lesser_God_(play)
114,1980 | 34th Tony Awards,Bent,Martin Sherman,https://en.wikipedia.org/wiki/Bent_(play)
115,1980 | 34th Tony Awards,Home,Samm-Art Williams,https://en.wikipedia.org/wiki/Home_(play)
116,1980 | 34th Tony Awards,Talley's Folly,Lanford Wilson,https://en.wikipedia.org/wiki/Talley%27s_Folly
117,1981 | 35th Tony Awards,Amadeus,Peter Shaffer,https://en.wikipedia.org/wiki/Amadeus
118,1981 | 35th Tony Awards,A Lesson from Aloes,Athol Fugard,
119,1981 | 35th Tony Awards,A Life,Hugh Leonard,https://en.wikipedia.org/wiki/A_Life_(play)
120,1981 | 35th Tony Awards,Fifth of July,Lanford Wilson,https://en.wikipedia.org/wiki/Fifth_of_July
121,1982 | 36th Tony Awards,The Life and Adventures of Nicholas Nickleby,David Edgar,https://en.wikipedia.org/wiki/The_Life_and_Adventures_of_Nicholas_Nickleby_(play)
122,1982 | 36th Tony Awards,Crimes of the Heart,Beth Henley,https://en.wikipedia.org/wiki/Crimes_of_the_Heart
123,1982 | 36th Tony Awards,"""Master Harold""...and the Boys",Athol Fugard,https://en.wikipedia.org/wiki/%22Master_Harold%22...and_the_Boys
124,1982 | 36th Tony Awards,The Dresser,Ronald Harwood,https://en.wikipedia.org/wiki/The_Dresser
125,1983 | 37th Tony Awards,Torch Song Trilogy,Harvey Fierstein,https://en.wikipedia.org/wiki/Torch_Song_Trilogy
126,1983 | 37th Tony Awards,Angels Fall,Lanford Wilson,https://en.wikipedia.org/wiki/Angels_Fall
127,1983 | 37th Tony Awards,Plenty,David Hare,https://en.wikipedia.org/wiki/Plenty_(play)
128,1983 | 37th Tony Awards,"'night, Mother",Marsha Norman,"https://en.wikipedia.org/wiki/%27night,_Mother"
129,1984 | 38th Tony Awards,The Real Thing,Tom Stoppard,https://en.wikipedia.org/wiki/The_Real_Thing_(play)
130,1984 | 38th Tony Awards,Glengarry Glen Ross,David Mamet,https://en.wikipedia.org/wiki/Glengarry_Glen_Ross
131,1984 | 38th Tony Awards,Noises Off,Michael Frayn,https://en.wikipedia.org/wiki/Noises_Off
132,1984 | 38th Tony Awards,Play Memory,Joanna Glass,
133,1985 | 39th Tony Awards,Biloxi Blues,Neil Simon,https://en.wikipedia.org/wiki/Biloxi_Blues
134,1985 | 39th Tony Awards,As Is,William M. Hoffman,https://en.wikipedia.org/wiki/As_Is_(play)
135,1985 | 39th Tony Awards,Hurlyburly,David Rabe,https://en.wikipedia.org/wiki/Hurlyburly
136,1985 | 39th Tony Awards,Ma Rainey's Black Bottom,August Wilson,https://en.wikipedia.org/wiki/Ma_Rainey%27s_Black_Bottom
137,1986 | 40th Tony Awards,I'm Not Rappaport,Herb Gardner,https://en.wikipedia.org/wiki/I%27m_Not_Rappaport
138,1986 | 40th Tony Awards,Benefactors,Michael Frayn,https://en.wikipedia.org/wiki/Benefactors_(play)
139,1986 | 40th Tony Awards,Blood Knot,Athol Fugard,https://en.wikipedia.org/wiki/Blood_Knot
140,1986 | 40th Tony Awards,The House of Blue Leaves,John Guare,https://en.wikipedia.org/wiki/The_House_of_Blue_Leaves
141,1987 | 41st Tony Awards,Fences,August Wilson,https://en.wikipedia.org/wiki/Fences_(play)
142,1987 | 41st Tony Awards,Broadway Bound,Neil Simon,https://en.wikipedia.org/wiki/Broadway_Bound
143,1987 | 41st Tony Awards,Coastal Disturbances,Tina Howe,https://en.wikipedia.org/wiki/Coastal_Disturbances
144,1987 | 41st Tony Awards,Les Liaisons Dangereuses,Christopher Hampton,https://en.wikipedia.org/wiki/Les_liaisons_dangereuses_(play)
145,1988 | 42nd Tony Awards,M. Butterfly,David Henry Hwang,https://en.wikipedia.org/wiki/M._Butterfly
146,1988 | 42nd Tony Awards,A Walk in the Woods,Lee Blessing,https://en.wikipedia.org/wiki/A_Walk_in_the_Woods_(play)
147,1988 | 42nd Tony Awards,Joe Turner's Come and Gone,August Wilson,https://en.wikipedia.org/wiki/Joe_Turner%27s_Come_and_Gone
148,1988 | 42nd Tony Awards,Speed-the-Plow,David Mamet,https://en.wikipedia.org/wiki/Speed-the-Plow
149,1989 | 43rd Tony Awards,The Heidi Chronicles,Wendy Wasserstein,https://en.wikipedia.org/wiki/The_Heidi_Chronicles
150,1989 | 43rd Tony Awards,Largely New York,Bill Irwin,
151,1989 | 43rd Tony Awards,Lend Me a Tenor,Ken Ludwig,https://en.wikipedia.org/wiki/Lend_Me_a_Tenor
152,1989 | 43rd Tony Awards,Shirley Valentine,Willy Russell,https://en.wikipedia.org/wiki/Shirley_Valentine
153,1990 | 44th Tony Awards,The Grapes of Wrath,Frank Galati,https://en.wikipedia.org/wiki/The_Grapes_of_Wrath_(play)
154,1990 | 44th Tony Awards,Lettice and Lovage,Peter Shaffer,https://en.wikipedia.org/wiki/Lettice_and_Lovage
155,1990 | 44th Tony Awards,Prelude to a Kiss,Craig Lucas,https://en.wikipedia.org/wiki/Prelude_to_a_Kiss_(play)
156,1990 | 44th Tony Awards,The Piano Lesson,August Wilson,https://en.wikipedia.org/wiki/The_Piano_Lesson
157,1991 | 45th Tony Awards,Lost in Yonkers,Neil Simon,https://en.wikipedia.org/wiki/Lost_in_Yonkers
158,1991 | 45th Tony Awards,Our Country's Good,Timberlake Wertenbaker,https://en.wikipedia.org/wiki/Our_Country%27s_Good
159,1991 | 45th Tony Awards,Shadowlands,William Nicholson,https://en.wikipedia.org/wiki/Shadowlands_(play)
160,1991 | 45th Tony Awards,Six Degrees of Separation,John Guare,https://en.wikipedia.org/wiki/Six_Degrees_of_Separation_(play)
161,1992 | 46th Tony Awards,Dancing at Lughnasa,Brian Friel,https://en.wikipedia.org/wiki/Dancing_at_Lughnasa
162,1992 | 46th Tony Awards,Four Baboons Adoring the Sun,John Guare,
163,1992 | 46th Tony Awards,Two Shakespearean Actors,Richard Nelson,
164,1992 | 46th Tony Awards,Two Trains Running,August Wilson,https://en.wikipedia.org/wiki/Two_Trains_Running
165,1993 | 47th Tony Awards,Angels in America: Millennium Approaches,Tony Kushner,https://en.wikipedia.org/wiki/Angels_in_America:_A_Gay_Fantasia_on_National_Themes
166,1993 | 47th Tony Awards,Someone Who'll Watch Over Me,Frank McGuinness,https://en.wikipedia.org/wiki/Someone_Who%27ll_Watch_Over_Me
167,1993 | 47th Tony Awards,The Sisters Rosensweig,Wendy Wasserstein,https://en.wikipedia.org/wiki/The_Sisters_Rosensweig
168,1993 | 47th Tony Awards,The Song of Jacob Zulu,Tug Yourgrau,https://en.wikipedia.org/wiki/The_Song_of_Jacob_Zulu
169,1994 | 48th Tony Awards,Angels in America: Perestroika,Tony Kushner,https://en.wikipedia.org/wiki/Angels_in_America:_A_Gay_Fantasia_on_National_Themes
170,1994 | 48th Tony Awards,Broken Glass,Arthur Miller,https://en.wikipedia.org/wiki/Broken_Glass_(play)
171,1994 | 48th Tony Awards,The Kentucky Cycle,Robert Schenkkan,https://en.wikipedia.org/wiki/The_Kentucky_Cycle
172,1994 | 48th Tony Awards,"Twilight: Los Angeles, 1992",Anna Deavere Smith,"https://en.wikipedia.org/wiki/Twilight:_Los_Angeles,_1992"
173,1995 | 49th Tony Awards,Love! Valour! Compassion!,Terrence McNally,https://en.wikipedia.org/wiki/Love!_Valour!_Compassion!
174,1995 | 49th Tony Awards,Arcadia,Tom Stoppard,https://en.wikipedia.org/wiki/Arcadia_(play)
175,1995 | 49th Tony Awards,Having Our Say,Emily Mann,https://en.wikipedia.org/wiki/Having_Our_Say
176,1995 | 49th Tony Awards,Indiscretions,Jean Cocteau,https://en.wikipedia.org/wiki/Les_Parents_terribles
177,1996 | 50th Tony Awards,Master Class,Terrence McNally,https://en.wikipedia.org/wiki/Master_Class
178,1996 | 50th Tony Awards,Buried Child,Sam Shepard,https://en.wikipedia.org/wiki/Buried_Child
179,1996 | 50th Tony Awards,Racing Demon,David Hare,https://en.wikipedia.org/wiki/Racing_Demon_(play)
180,1996 | 50th Tony Awards,Seven Guitars,August Wilson,https://en.wikipedia.org/wiki/Seven_Guitars
181,1997 | 51st Tony Awards,The Last Night of Ballyhoo,Alfred Uhry,https://en.wikipedia.org/wiki/The_Last_Night_of_Ballyhoo
182,1997 | 51st Tony Awards,Skylight,David Hare,https://en.wikipedia.org/wiki/Skylight_(play)
183,1997 | 51st Tony Awards,Stanley,Pam Gems,https://en.wikipedia.org/wiki/Stanley_(play)
184,1997 | 51st Tony Awards,The Young Man From Atlanta,Horton Foote,https://en.wikipedia.org/wiki/The_Young_Man_From_Atlanta
185,1998 | 52nd Tony Awards,'Art',Yasmina Reza,https://en.wikipedia.org/wiki/%27Art%27_(play)
186,1998 | 52nd Tony Awards,Freak,John Leguizamo,https://en.wikipedia.org/wiki/Freak_(play)
187,1998 | 52nd Tony Awards,Golden Child,David Henry Hwang,https://en.wikipedia.org/wiki/Golden_Child_(play)
188,1998 | 52nd Tony Awards,The Beauty Queen of Leenane,Martin McDonagh,https://en.wikipedia.org/wiki/The_Beauty_Queen_of_Leenane
189,1999 | 53rd Tony Awards,Side Man,Warren Leight,https://en.wikipedia.org/wiki/Side_Man
190,1999 | 53rd Tony Awards,Closer,Patrick Marber,https://en.wikipedia.org/wiki/Closer_(play)
191,1999 | 53rd Tony Awards,Not About Nightingales,Tennessee Williams,https://en.wikipedia.org/wiki/Not_About_Nightingales
192,1999 | 53rd Tony Awards,The Lonesome West,Martin McDonagh,https://en.wikipedia.org/wiki/The_Lonesome_West
193,2000 | 54th Tony Awards,Copenhagen,Michael Frayn,https://en.wikipedia.org/wiki/Copenhagen_(play)
194,2000 | 54th Tony Awards,Dirty Blonde,Claudia Shear,https://en.wikipedia.org/wiki/Dirty_Blonde_(play)
195,2000 | 54th Tony Awards,The Ride Down Mt. Morgan,Arthur Miller,https://en.wikipedia.org/wiki/The_Ride_Down_Mt._Morgan
196,2000 | 54th Tony Awards,True West,Sam Shepard,https://en.wikipedia.org/wiki/True_West_(play)
197,2001 | 55th Tony Awards,Proof,David Auburn,https://en.wikipedia.org/wiki/Proof_(play)
198,2001 | 55th Tony Awards,King Hedley II,August Wilson,https://en.wikipedia.org/wiki/King_Hedley_II
199,2001 | 55th Tony Awards,The Invention of Love,Tom Stoppard,https://en.wikipedia.org/wiki/The_Invention_of_Love
200,2001 | 55th Tony Awards,The Tale of the Allergist's Wife,Charles Busch,https://en.wikipedia.org/wiki/The_Tale_of_the_Allergist%27s_Wife
201,2002 | 56th Tony Awards,"The Goat, or Who Is Sylvia?",Edward Albee,"https://en.wikipedia.org/wiki/The_Goat,_or_Who_Is_Sylvia%3F"
202,2002 | 56th Tony Awards,Fortune's Fool,Mike Poulton,https://en.wikipedia.org/wiki/Fortune%27s_Fool
203,2002 | 56th Tony Awards,Metamorphoses,Mary Zimmerman,https://en.wikipedia.org/wiki/Metamorphoses_(play)
204,2002 | 56th Tony Awards,Topdog/Underdog,Suzan-Lori Parks,https://en.wikipedia.org/wiki/Topdog/Underdog
205,2003 | 57th Tony Awards,Take Me Out,Richard Greenberg,https://en.wikipedia.org/wiki/Take_Me_Out_(play)
206,2003 | 57th Tony Awards,Enchanted April,Matthew Barber,https://en.wikipedia.org/wiki/Enchanted_April_(2003_play)
207,2003 | 57th Tony Awards,"Say Goodnight, Gracie",Rupert Holmes,"https://en.wikipedia.org/wiki/Say_Goodnight,_Gracie"
208,2003 | 57th Tony Awards,Vincent in Brixton,Nicholas Wright,https://en.wikipedia.org/wiki/Vincent_in_Brixton
209,2004 | 58th Tony Awards,I Am My Own Wife,Doug Wright,https://en.wikipedia.org/wiki/I_Am_My_Own_Wife
210,2004 | 58th Tony Awards,Anna in the Tropics,Nilo Cruz,https://en.wikipedia.org/wiki/Anna_in_the_Tropics
211,2004 | 58th Tony Awards,Frozen,Bryony Lavery,https://en.wikipedia.org/wiki/Frozen_(play)
212,2004 | 58th Tony Awards,The Retreat from Moscow,William Nicholson,https://en.wikipedia.org/wiki/The_Retreat_from_Moscow
213,2005 | 59th Tony Awards,Doubt,John Patrick Shanley,https://en.wikipedia.org/wiki/Doubt:_A_Parable
214,2005 | 59th Tony Awards,Democracy,Michael Frayn,https://en.wikipedia.org/wiki/Democracy_(play)
215,2005 | 59th Tony Awards,Gem of the Ocean,August Wilson,https://en.wikipedia.org/wiki/Gem_of_the_Ocean
216,2005 | 59th Tony Awards,The Pillowman,Martin McDonagh,https://en.wikipedia.org/wiki/The_Pillowman
217,2006 | 60th Tony Awards,The History Boys,Alan Bennett,https://en.wikipedia.org/wiki/The_History_Boys
218,2006 | 60th Tony Awards,Rabbit Hole,David Lindsay-Abaire,https://en.wikipedia.org/wiki/Rabbit_Hole
219,2006 | 60th Tony Awards,Shining City,Conor McPherson,https://en.wikipedia.org/wiki/Shining_City
220,2006 | 60th Tony Awards,The Lieutenant of Inishmore,Martin McDonagh,https://en.wikipedia.org/wiki/The_Lieutenant_of_Inishmore
221,2007 | 61st Tony Awards,The Coast of Utopia,Tom Stoppard,https://en.wikipedia.org/wiki/The_Coast_of_Utopia
222,2007 | 61st Tony Awards,Frost/Nixon,Peter Morgan,https://en.wikipedia.org/wiki/Frost/Nixon_(play)
223,2007 | 61st Tony Awards,The Little Dog Laughed,Douglas Carter Beane,https://en.wikipedia.org/wiki/The_Little_Dog_Laughed_(play)
224,2007 | 61st Tony Awards,Radio Golf,August Wilson,https://en.wikipedia.org/wiki/Radio_Golf
225,2008 | 62nd Tony Awards,August: Osage County,Tracy Letts,https://en.wikipedia.org/wiki/August:_Osage_County
226,2008 | 62nd Tony Awards,Rock 'n' Roll,Tom Stoppard,https://en.wikipedia.org/wiki/Rock_%27n%27_Roll_(play)
227,2008 | 62nd Tony Awards,The 39 Steps,Patrick Barlow,https://en.wikipedia.org/wiki/The_39_Steps_(play)
228,2008 | 62nd Tony Awards,The Seafarer,Conor McPherson,https://en.wikipedia.org/wiki/The_Seafarer_(play)
229,2009 | 63rd Tony Awards,God of Carnage,Yasmina Reza,https://en.wikipedia.org/wiki/God_of_Carnage
230,2009 | 63rd Tony Awards,33 Variations,Moisés Kaufman,https://en.wikipedia.org/wiki/33_Variations
231,2009 | 63rd Tony Awards,Dividing the Estate,Horton Foote,https://en.wikipedia.org/wiki/Dividing_the_Estate
232,2009 | 63rd Tony Awards,reasons to be pretty,Neil LaBute,https://en.wikipedia.org/wiki/Reasons_to_be_pretty
233,2010 | 64th Tony Awards,Red,John Logan,https://en.wikipedia.org/wiki/Red_(play)
234,2010 | 64th Tony Awards,In the Next Room (or The Vibrator Play),Sarah Ruhl,https://en.wikipedia.org/wiki/In_the_Next_Room_(or_The_Vibrator_Play)
235,2010 | 64th Tony Awards,Next Fall,Geoffrey Nauffts,https://en.wikipedia.org/wiki/Next_Fall
236,2010 | 64th Tony Awards,Time Stands Still,Donald Margulies,https://en.wikipedia.org/wiki/Time_Stands_Still_(play)
237,2011 | 65th Tony Awards,War Horse,Nick Stafford,https://en.wikipedia.org/wiki/War_Horse_(play)
238,2011 | 65th Tony Awards,Good People,David Lindsay-Abaire,https://en.wikipedia.org/wiki/Good_People_(play)
239,2011 | 65th Tony Awards,Jerusalem,Jez Butterworth,https://en.wikipedia.org/wiki/Jerusalem_(play)
240,2011 | 65th Tony Awards,The Motherfucker with the Hat,Stephen Adly Guirgis,https://en.wikipedia.org/wiki/The_Motherfucker_with_the_Hat
241,2012 | 66th Tony Awards,Clybourne Park,Bruce Norris,https://en.wikipedia.org/wiki/Clybourne_Park
242,2012 | 66th Tony Awards,Other Desert Cities,Jon Robin Baitz,https://en.wikipedia.org/wiki/Other_Desert_Cities
243,2012 | 66th Tony Awards,Peter and the Starcatcher,Rick Elice,https://en.wikipedia.org/wiki/Peter_and_the_Starcatcher_(play)
244,2012 | 66th Tony Awards,Venus in Fur,David Ives,https://en.wikipedia.org/wiki/Venus_in_Fur
245,2013 | 67th Tony Awards,Vanya and Sonia and Masha and Spike,Christopher Durang,https://en.wikipedia.org/wiki/Vanya_and_Sonia_and_Masha_and_Spike
246,2013 | 67th Tony Awards,Lucky Guy,Nora Ephron,https://en.wikipedia.org/wiki/Lucky_Guy_(play)
247,2013 | 67th Tony Awards,The Assembled Parties,Richard Greenberg,https://en.wikipedia.org/wiki/The_Assembled_Parties
248,2013 | 67th Tony Awards,The Testament of Mary,Colm Toibin,https://en.wikipedia.org/wiki/The_Testament_of_Mary_(play)
249,2014 | 68th Tony Awards,All the Way,Robert Schenkkan,https://en.wikipedia.org/wiki/All_the_Way_(play)
250,2014 | 68th Tony Awards,Act One,James Lapine,https://en.wikipedia.org/wiki/Act_One_(play)
251,2014 | 68th Tony Awards,Casa Valentina,Harvey Fierstein,https://en.wikipedia.org/wiki/Casa_Valentina
252,2014 | 68th Tony Awards,Mothers and Sons,Terrence McNally,https://en.wikipedia.org/wiki/Mothers_and_Sons_(play)
253,2014 | 68th Tony Awards,Outside Mullingar,John Patrick Shanley,https://en.wikipedia.org/wiki/Outside_Mullingar
254,2015 | 69th Tony Awards,The Curious Incident of the Dog in the Night-Time,Simon Stephens,https://en.wikipedia.org/wiki/The_Curious_Incident_of_the_Dog_in_the_Night-Time_(play)
255,2015 | 69th Tony Awards,Disgraced,Ayad Akhtar,https://en.wikipedia.org/wiki/Disgraced
256,2015 | 69th Tony Awards,Hand to God,Robert Askins,https://en.wikipedia.org/wiki/Hand_to_God_(play)
257,2015 | 69th Tony Awards,"Wolf Hall, Parts One & Two",Hilary Mantel & Mike Poulton,https://en.wikipedia.org/wiki/Wolf_Hall_(play)
258,2016 | 70th Tony Awards,The Humans,Stephen Karam,https://en.wikipedia.org/wiki/The_Humans_(play)
259,2016 | 70th Tony Awards,Eclipsed,Danai Gurira,https://en.wikipedia.org/wiki/Eclipsed_(play)
260,2016 | 70th Tony Awards,King Charles III,Mike Bartlett,https://en.wikipedia.org/wiki/King_Charles_III_(play)
261,2016 | 70th Tony Awards,The Father,Florian Zeller,https://en.wikipedia.org/wiki/Le_P%C3%A8re
262,2017 | 71st Tony Awards,Oslo,J. T. Rogers,https://en.wikipedia.org/wiki/Oslo_(play)
263,2017 | 71st Tony Awards,"A Doll's House, Part 2",Lucas Hnath,"https://en.wikipedia.org/wiki/A_Doll%27s_House,_Part_2"
264,2017 | 71st Tony Awards,Indecent,Paula Vogel,https://en.wikipedia.org/wiki/Indecent_(play)
265,2017 | 71st Tony Awards,Sweat,Lynn Nottage,https://en.wikipedia.org/wiki/Sweat_(play)
266,2018 | 72nd Tony Awards,Harry Potter and the Cursed Child,Jack Thorne,https://en.wikipedia.org/wiki/Harry_Potter_and_the_Cursed_Child
267,2018 | 72nd Tony Awards,The Children,Lucy Kirkwood,https://en.wikipedia.org/wiki/The_Children_(play)
268,2018 | 72nd Tony Awards,Farinelli and the King,Claire van Kampen,https://en.wikipedia.org/wiki/Farinelli_and_the_King
269,2018 | 72nd Tony Awards,Junk,Ayad Akhtar,https://en.wikipedia.org/wiki/Junk:_The_Golden_Age_of_Debt
270,2018 | 72nd Tony Awards,Latin History for Morons,John Leguizamo,
